{"graph": {"_type": "graph-file", "sha256": "843f40244c9de1ffcdcc1f5a1fd7f6ee67bb732d9195ef08b6c82cf3c7896c69", "size": 560, "path": "media/graph/graph_summary_843f40244c9de1ffcdcc.graph.json"}, "epoch": 99, "_timestamp": 1681827071.076705, "loss": 0.46638739109039307, "accuracy": 0.828125, "val_loss": 1.2504900693893433, "val_accuracy": 0.375, "_runtime": 58.37530708312988, "_step": 99, "best_val_loss": 0.7017158269882202, "best_epoch": 38, "_wandb": {"runtime": 57}}