{"graph": {"_type": "graph-file", "sha256": "843f40244c9de1ffcdcc1f5a1fd7f6ee67bb732d9195ef08b6c82cf3c7896c69", "size": 560, "path": "media/graph/graph_summary_843f40244c9de1ffcdcc.graph.json"}, "epoch": 49, "_timestamp": 1681828793.895318, "loss": 0.5577730536460876, "accuracy": 0.71875, "auc": 0.91070556640625, "val_loss": 0.8183268308639526, "val_accuracy": 0.25, "val_auc": 0.71875, "_runtime": 46.3486750125885, "_step": 49, "best_val_loss": 0.6917614936828613, "best_epoch": 19, "_wandb": {"runtime": 33}}