{"graph": {"_type": "graph-file", "sha256": "843f40244c9de1ffcdcc1f5a1fd7f6ee67bb732d9195ef08b6c82cf3c7896c69", "size": 560, "path": "media/graph/graph_summary_843f40244c9de1ffcdcc.graph.json"}, "epoch": 199, "_timestamp": 1681827767.684066, "loss": 0.08098192512989044, "accuracy": 0.984375, "auc": 0.99951171875, "val_loss": 3.034846305847168, "val_accuracy": 0.5, "val_auc": 0.609375, "_runtime": 65.24285912513733, "_step": 199, "best_val_loss": 0.704422116279602, "best_epoch": 45, "_wandb": {"runtime": 64}}